L,kBT_over_J,mean_E_over_NJ,SE_E_over_NJ,mean_abs_m,SE_abs_m,mean_Cv_over_kB,SE_Cv_over_kB,mean_U4,SE_U4
8,1.5,-1.951271484375,0.00027683207274566384,0.98651025390625,8.087751642681321e-05,0.19716136393228745,0.0016654365676657184,0.665857083837375,9.626258385919071e-06
8,2.0,-1.7455478515624998,0.0007881198199810699,0.91146630859375,0.0005946896128667763,0.7134977661743189,0.006090804684631823,0.654650449887959,0.00023694459523041067
8,2.1,-1.664720703125,0.0004968301109013833,0.8729414062499999,0.0004169346265648497,0.8914968371332925,0.0038060356775812673,0.645018325357726,0.00020184769901097525
8,2.15,-1.618267578125,0.0027116627890995484,0.8492705078125,0.0021398677182535336,0.9738270404821875,0.014452499591634964,0.6382492274390362,0.0009224538396745336
8,2.2,-1.5661474609375,0.0015594447464975056,0.8197182617187501,0.0011378324630649866,1.0716631396585243,0.005628091928242306,0.6282216056680211,0.0004935401400240995
8,2.25,-1.513181640625,0.0016125989306952,0.7901289062500001,0.0008479340972483401,1.1291985870949068,0.004431922767939982,0.6178760555875653,0.0002817401298187011
8,2.3,-1.4565507812499998,0.0015172860917266279,0.7567519531250001,0.00110348422475605,1.167118503459506,0.008675356737295853,0.6050903687036464,0.0006492089739448321
8,2.35,-1.3993916015625,0.0018785085276982986,0.72044677734375,0.0010704759533298677,1.1854811907166027,0.004246162280998571,0.5888406209622474,0.0005401867938462173
8,2.4,-1.3390488281250001,0.001335587662070959,0.68208544921875,0.0008291693765669575,1.1846206460740836,0.0027907456330997504,0.5701075783084231,0.000465125466049091
8,2.5,-1.2210898437500002,0.0019153262993992749,0.60210546875,0.0019563194904436837,1.0981362417968752,0.006643582575356143,0.5235534097539374,0.0015750268460115028
8,3.0,-0.8417919921874999,0.0005931294192975771,0.34578125000000004,0.0012047699751207598,0.4855980448404947,0.0016946289834777627,0.2793950562093793,0.002471469242032258
8,3.5,-0.6650136718749999,0.0007086740310205065,0.25214208984375003,0.0004119075142159254,0.2632120509805484,0.0013631521029954488,0.15564379366840983,0.0019405235812374505
16,1.5,-1.9511865234374999,0.0001737759972752473,0.9865098876953126,4.878879234497676e-05,0.1960682269965067,0.0014664770196966004,0.666453620196995,1.682593692555676e-06
16,2.0,-1.74438232421875,0.00034802763457942616,0.9105279541015625,0.00029351466708331684,0.7243725416870106,0.0029071503084290642,0.6623898621340087,9.315971132539843e-05
16,2.1,-1.66321337890625,0.0007894956199487047,0.8699183349609374,0.0005608352247346081,0.9377087777135698,0.007269535953542497,0.6571762335056468,0.00015605974570821838
16,2.15,-1.61111865234375,0.0005860897290315399,0.837776611328125,0.0011905575507041425,1.116773183377204,0.01624197118018017,0.6506390991929595,0.0005909225046353967
16,2.2,-1.550421630859375,0.0008327856210995573,0.79454541015625,0.0022999562034721607,1.2925438610360718,0.02852242020231159,0.6394471183917472,0.0013819624316327888
16,2.25,-1.48016259765625,0.001437527946532222,0.7377369384765625,0.0020942953488416105,1.4622093515142836,0.017478651421995332,0.620550252641622,0.0012071962065335023
16,2.3,-1.4088623046874997,0.0035541442008760215,0.6728790283203125,0.00565128587833805,1.525665120496555,0.018364829910591646,0.5943807097451896,0.0034997320024949545
16,2.35,-1.3325830078125,0.0017297810148731965,0.5980968017578125,0.002579460918250178,1.5217726271166936,0.007488621424635592,0.5553752044785074,0.0016023075512069317
16,2.4,-1.25870361328125,0.003351740633032777,0.5234504394531251,0.005925348041803993,1.3982918512768252,0.01301194417264579,0.5080691293583494,0.005639390716338406
16,2.5,-1.131524658203125,0.0015612142931599427,0.3899039306640625,0.003293806581867746,1.061812247353514,0.010743242377511548,0.38440625549922397,0.004897417668881635
16,3.0,-0.8163813476562499,0.0003363955428325297,0.17075048828125,0.0004896403205116639,0.4044366149359801,0.0032373337306940897,0.08973418135737302,0.005637517537852124
16,3.5,-0.660174072265625,0.00010779511316132996,0.124244384765625,0.0003212940405060958,0.24897698330377055,0.00113482922263543,0.04188644219974974,0.008232098811023169
32,1.5,-1.9511570434570313,0.00010247444054158736,0.9865263061523437,3.348887655878392e-05,0.19708712500667186,0.0011408536456986662,0.6666130763113604,2.544472913677329e-07
32,2.0,-1.7457911376953126,0.0002913524291625618,0.9115066833496094,0.00015945068549862558,0.724129259880101,0.00317936500865352,0.6655150738534998,1.5524395937086058e-05
32,2.1,-1.662318603515625,0.0003946101169633043,0.8687810668945313,0.00035475778044462525,0.9709428928297354,0.007910124523766531,0.6635660095771767,6.274326275678223e-05
32,2.15,-1.6102236328125,0.0003191247333008081,0.8363720703124999,0.0006518187342281011,1.138629089243245,0.006924889547717203,0.6607174084063436,0.000272462993588715
32,2.2,-1.5462933349609376,0.0008620683051557571,0.7850383911132812,0.001369130722260396,1.4071786314593688,0.009673765052284884,0.6525636479329667,0.0004933525418313395
32,2.25,-1.4663994140625,0.0018516527119052716,0.6974856262207031,0.005470070718362954,1.7476808163760718,0.03486072247038495,0.6278733981112052,0.002903764684414653
32,2.3,-1.3756960449218751,0.0022698483357759948,0.5661654968261718,0.00587492102381684,1.9234913182970967,0.01696365358301572,0.564793213476034,0.004804704268508662
32,2.35,-1.2818467407226561,0.0011707848771412208,0.4088721618652344,0.005718134321746364,1.6425059568350726,0.010672352559764967,0.43596272639484435,0.01001072274332548
32,2.4,-1.2111757202148439,0.0005701829194783199,0.3115207214355469,0.000792915292912677,1.257490631339279,0.014002006087581882,0.3337608586403602,0.0020811858602769874
32,2.5,-1.1071756591796875,0.0006240141444541818,0.19843966674804686,0.0016206347963882881,0.8822201572607355,0.005956470335487129,0.15971536049599733,0.0031013185284604673
32,3.0,-0.8173118286132813,0.00020995103383918321,0.08507333374023437,0.0005048131873220515,0.4035193879784502,0.002648078035991913,0.02168334767242258,0.008110249239869286
32,3.5,-0.6602310180664062,0.00022136746628394677,0.062192779541015625,0.0002700910347096937,0.25159815340626385,0.001768219833670598,0.005687534053202048,0.004356369436491234
